{"cameraMode":{"drawMode":0,"name":"Shaded","section":"Shading Mode"},"sceneLighting":true,"audioPlay":false,"sceneViewState":{"showFog":true,"showMaterialUpdate":false,"showSkybox":true,"showFlares":true,"showImageEffects":true,"showParticleSystems":true},"in2DMode":false,"pivot":{"x":0.36182790994644167,"y":2.2120018005371095,"z":-1.803326964378357},"rotation":{"x":-0.04305792972445488,"y":0.8663532137870789,"z":-0.07582887262105942,"w":-0.4918263852596283},"size":2.5993802547454836,"orthographic":false}