{"cameraMode":{"drawMode":0,"name":"Shaded","section":"Shading Mode"},"sceneLighting":false,"audioPlay":false,"sceneViewState":{"showFog":true,"showMaterialUpdate":false,"showSkybox":false,"showFlares":true,"showImageEffects":true,"showParticleSystems":true},"in2DMode":false,"pivot":{"x":-0.08124125003814697,"y":1.3378608226776124,"z":2.0449259281158449},"rotation":{"x":-0.05991874262690544,"y":-0.04011493921279907,"z":0.002382415346801281,"w":-0.9974226355552673},"size":2.7564985752105715,"orthographic":false}