{"cameraMode":{"drawMode":0,"name":"Shaded","section":"Shading Mode"},"sceneLighting":true,"audioPlay":false,"sceneViewState":{"showFog":true,"showMaterialUpdate":false,"showSkybox":true,"showFlares":true,"showImageEffects":true,"showParticleSystems":true},"in2DMode":false,"pivot":{"x":2.9764413833618166,"y":1.7257556915283204,"z":1.5841984748840333},"rotation":{"x":-0.3612326383590698,"y":-0.22039303183555604,"z":0.0882774144411087,"w":-0.9017832279205322},"size":8.617866516113282,"orthographic":false}