{"cameraMode":{"drawMode":0,"name":"Shaded","section":"Shading Mode"},"sceneLighting":false,"audioPlay":false,"sceneViewState":{"showFog":true,"showMaterialUpdate":false,"showSkybox":false,"showFlares":true,"showImageEffects":true,"showParticleSystems":true},"in2DMode":false,"pivot":{"x":0.2692241370677948,"y":2.1945533752441408,"z":0.4090206027030945},"rotation":{"x":-0.44873058795928957,"y":0.19034278392791749,"z":-0.09845215827226639,"w":-0.8676262497901917},"size":0.9866024851799011,"orthographic":false}