{"cameraMode":{"drawMode":0,"name":"Shaded","section":"Shading Mode"},"sceneLighting":false,"audioPlay":false,"sceneViewState":{"showFog":true,"showMaterialUpdate":false,"showSkybox":false,"showFlares":true,"showImageEffects":true,"showParticleSystems":true},"in2DMode":false,"pivot":{"x":-0.5563762187957764,"y":0.8237063884735107,"z":0.5},"rotation":{"x":-0.05991874262690544,"y":-0.04011493921279907,"z":0.002382415346801281,"w":-0.9974226355552673},"size":1.966755986213684,"orthographic":false}