{"cameraMode":{"drawMode":0,"name":"Shaded","section":"Shading Mode"},"sceneLighting":true,"audioPlay":false,"sceneViewState":{"showFog":true,"showMaterialUpdate":false,"showSkybox":true,"showFlares":true,"showImageEffects":true,"showParticleSystems":true},"in2DMode":false,"pivot":{"x":-2.058786392211914,"y":1.5581077337265015,"z":5.276129722595215},"rotation":{"x":-0.03476511687040329,"y":0.8878572583198547,"z":-0.06806331872940064,"w":-0.4537894129753113},"size":5.067432403564453,"orthographic":false}