{"cameraMode":{"drawMode":0,"name":"Shaded","section":"Shading Mode"},"sceneLighting":false,"audioPlay":false,"sceneViewState":{"showFog":true,"showMaterialUpdate":false,"showSkybox":false,"showFlares":true,"showImageEffects":true,"showParticleSystems":true},"in2DMode":false,"pivot":{"x":-0.03831833600997925,"y":0.004819020628929138,"z":0.4533507823944092},"rotation":{"x":-0.06080954894423485,"y":0.7611345052719116,"z":-0.0721559152007103,"w":-0.6417373418807983},"size":0.3063811659812927,"orthographic":false}